{
  "validation_loss": 0.03266445399246744,
  "macro_f1": 0.372281328542158,
  "micro_f1": 0.8419151902198792,
  "hamming_loss": 0.011301054878801595,
  "subset_accuracy": 0.7409886714727085,
  "class_0_f1": 0.0,
  "class_1_f1": 0.8771929740905762,
  "class_2_f1": 0.8510637879371643,
  "class_3_f1": 0.7741935849189758,
  "class_4_f1": 0.942148745059967,
  "class_5_f1": 0.3499999940395355,
  "class_6_f1": 0.9888551235198975,
  "class_7_f1": 0.8723404407501221,
  "class_8_f1": 0.0,
  "class_9_f1": 0.5704225897789001,
  "class_10_f1": 0.0,
  "class_11_f1": 0.7826087474822998,
  "class_12_f1": 0.3636363744735718,
  "class_13_f1": 0.0,
  "class_14_f1": 0.043478257954120636,
  "class_15_f1": 0.190476194024086,
  "class_16_f1": 0.9736842513084412,
  "class_17_f1": 0.9725209474563599,
  "class_18_f1": 0.0,
  "class_19_f1": 0.0,
  "class_20_f1": 0.0,
  "class_21_f1": 0.0,
  "class_22_f1": 0.8571428656578064,
  "class_23_f1": 0.0,
  "class_24_f1": 0.0,
  "class_25_f1": 0.0,
  "class_26_f1": 0.0,
  "class_27_f1": 0.5333333611488342,
  "class_28_f1": 0.4117647111415863,
  "class_29_f1": 0.5581395626068115,
  "class_30_f1": 0.0,
  "class_31_f1": 0.0
}