{
  "validation_loss": 0.038548453237678186,
  "macro_f1": 0.27964701410382986,
  "micro_f1": 0.8197098970413208,
  "hamming_loss": 0.012666204852647469,
  "subset_accuracy": 0.7173017507723995,
  "class_0_f1": 0.0,
  "class_1_f1": 0.836363673210144,
  "class_2_f1": 0.6153846383094788,
  "class_3_f1": 0.6666667461395264,
  "class_4_f1": 0.9579831957817078,
  "class_5_f1": 0.4545454978942871,
  "class_6_f1": 0.9888551235198975,
  "class_7_f1": 0.7654321193695068,
  "class_8_f1": 0.0,
  "class_9_f1": 0.458333283662796,
  "class_10_f1": 0.0,
  "class_11_f1": 0.7607362270355225,
  "class_12_f1": 0.0,
  "class_13_f1": 0.0,
  "class_14_f1": 0.0,
  "class_15_f1": 0.0,
  "class_16_f1": 0.9787234663963318,
  "class_17_f1": 0.9656804800033569,
  "class_18_f1": 0.0,
  "class_19_f1": 0.0,
  "class_20_f1": 0.0,
  "class_21_f1": 0.0,
  "class_22_f1": 0.0,
  "class_23_f1": 0.0,
  "class_24_f1": 0.0,
  "class_25_f1": 0.0,
  "class_26_f1": 0.0,
  "class_27_f1": 0.5,
  "class_28_f1": 0.0,
  "class_29_f1": 0.0,
  "class_30_f1": 0.0,
  "class_31_f1": 0.0
}