{
  "validation_loss": 0.03640100127849422,
  "macro_f1": 0.26942128455266356,
  "micro_f1": 0.8235294222831726,
  "hamming_loss": 0.0124449864884869,
  "subset_accuracy": 0.717816683831102,
  "class_0_f1": 0.0,
  "class_1_f1": 0.5454545021057129,
  "class_2_f1": 0.7391304969787598,
  "class_3_f1": 0.0,
  "class_4_f1": 0.942148745059967,
  "class_5_f1": 0.2500000298023224,
  "class_6_f1": 0.9878541827201843,
  "class_7_f1": 0.8602151274681091,
  "class_8_f1": 0.0,
  "class_9_f1": 0.5930598974227905,
  "class_10_f1": 0.0,
  "class_11_f1": 0.7826087474822998,
  "class_12_f1": 0.1843971610069275,
  "class_13_f1": 0.0,
  "class_14_f1": 0.0,
  "class_15_f1": 0.0,
  "class_16_f1": 0.9732620716094971,
  "class_17_f1": 0.9651505947113037,
  "class_18_f1": 0.0,
  "class_19_f1": 0.0,
  "class_20_f1": 0.0,
  "class_21_f1": 0.0,
  "class_22_f1": 0.0,
  "class_23_f1": 0.0,
  "class_24_f1": 0.0,
  "class_25_f1": 0.0,
  "class_26_f1": 0.0,
  "class_27_f1": 0.19354839622974396,
  "class_28_f1": 0.0,
  "class_29_f1": 0.604651153087616,
  "class_30_f1": 0.0,
  "class_31_f1": 0.0
}