{
  "validation_loss": 0.03641179066578873,
  "macro_f1": 0.26146068470552564,
  "micro_f1": 0.8172988295555115,
  "hamming_loss": 0.012778269401827797,
  "subset_accuracy": 0.7152420185375901,
  "class_0_f1": 0.0,
  "class_1_f1": 0.41025638580322266,
  "class_2_f1": 0.7234042286872864,
  "class_3_f1": 0.2857142984867096,
  "class_4_f1": 0.949999988079071,
  "class_5_f1": 0.301369845867157,
  "class_6_f1": 0.9868553876876831,
  "class_7_f1": 0.8478260040283203,
  "class_8_f1": 0.0,
  "class_9_f1": 0.5551839470863342,
  "class_10_f1": 0.0,
  "class_11_f1": 0.7424242496490479,
  "class_12_f1": 0.0317460298538208,
  "class_13_f1": 0.0,
  "class_14_f1": 0.0,
  "class_15_f1": 0.0,
  "class_16_f1": 0.9786096811294556,
  "class_17_f1": 0.9628756642341614,
  "class_18_f1": 0.0,
  "class_19_f1": 0.0,
  "class_20_f1": 0.0,
  "class_21_f1": 0.0,
  "class_22_f1": 0.0,
  "class_23_f1": 0.0,
  "class_24_f1": 0.0,
  "class_25_f1": 0.0,
  "class_26_f1": 0.0,
  "class_27_f1": 0.13333334028720856,
  "class_28_f1": 0.0,
  "class_29_f1": 0.4571428596973419,
  "class_30_f1": 0.0,
  "class_31_f1": 0.0
}